,Country name,Regional indicator,Ladder score,Metrics,Metric_value
0,Finland,Western Europe,7.8420000000000005,GDP per capita,1.446
1,Denmark,Western Europe,7.62,GDP per capita,1.5019999999999998
2,Switzerland,Western Europe,7.571000000000001,GDP per capita,1.5659999999999998
3,Iceland,Western Europe,7.553999999999999,GDP per capita,1.482
4,Netherlands,Western Europe,7.4639999999999995,GDP per capita,1.501
5,Norway,Western Europe,7.392,GDP per capita,1.5430000000000001
6,Sweden,Western Europe,7.3629999999999995,GDP per capita,1.4780000000000002
7,Luxembourg,Western Europe,7.324,GDP per capita,1.751
8,New Zealand,North America and ANZ,7.277,GDP per capita,1.4
9,Austria,Western Europe,7.268,GDP per capita,1.492
10,Australia,North America and ANZ,7.183,GDP per capita,1.453
11,Israel,Middle East and North Africa,7.157,GDP per capita,1.376
12,Germany,Western Europe,7.155,GDP per capita,1.48
13,Canada,North America and ANZ,7.103,GDP per capita,1.4469999999999998
14,Ireland,Western Europe,7.085,GDP per capita,1.6440000000000001
15,Costa Rica,Latin America and Caribbean,7.069,GDP per capita,1.1340000000000001
16,United Kingdom,Western Europe,7.064,GDP per capita,1.423
17,Czech Republic,Central and Eastern Europe,6.965,GDP per capita,1.37
18,United States,North America and ANZ,6.9510000000000005,GDP per capita,1.5330000000000001
19,Belgium,Western Europe,6.834,GDP per capita,1.463
20,France,Western Europe,6.69,GDP per capita,1.421
21,Bahrain,Middle East and North Africa,6.647,GDP per capita,1.409
22,Malta,Western Europe,6.602,GDP per capita,1.411
23,Taiwan Province of China,East Asia,6.584,GDP per capita,1.48
24,United Arab Emirates,Middle East and North Africa,6.561,GDP per capita,1.555
25,Saudi Arabia,Middle East and North Africa,6.494,GDP per capita,1.435
26,Spain,Western Europe,6.4910000000000005,GDP per capita,1.375
27,Italy,Western Europe,6.483,GDP per capita,1.393
28,Slovenia,Central and Eastern Europe,6.461,GDP per capita,1.36
29,Guatemala,Latin America and Caribbean,6.435,GDP per capita,0.845
30,Uruguay,Latin America and Caribbean,6.431,GDP per capita,1.1640000000000001
31,Singapore,Southeast Asia,6.377000000000001,GDP per capita,1.695
32,Kosovo,Central and Eastern Europe,6.372000000000001,GDP per capita,0.937
33,Slovakia,Central and Eastern Europe,6.331,GDP per capita,1.304
34,Brazil,Latin America and Caribbean,6.33,GDP per capita,1.028
35,Mexico,Latin America and Caribbean,6.317,GDP per capita,1.126
36,Jamaica,Latin America and Caribbean,6.309,GDP per capita,0.8909999999999999
37,Lithuania,Central and Eastern Europe,6.255,GDP per capita,1.35
38,Cyprus,Western Europe,6.223,GDP per capita,1.3769999999999998
39,Estonia,Central and Eastern Europe,6.189,GDP per capita,1.344
40,Panama,Latin America and Caribbean,6.18,GDP per capita,1.298
41,Uzbekistan,Commonwealth of Independent States,6.178999999999999,GDP per capita,0.769
42,Chile,Latin America and Caribbean,6.172000000000001,GDP per capita,1.2
43,Poland,Central and Eastern Europe,6.166,GDP per capita,1.3090000000000002
44,Kazakhstan,Commonwealth of Independent States,6.152,GDP per capita,1.23
45,Romania,Central and Eastern Europe,6.14,GDP per capita,1.275
46,Kuwait,Middle East and North Africa,6.106,GDP per capita,1.4609999999999999
47,Serbia,Central and Eastern Europe,6.077999999999999,GDP per capita,1.101
48,El Salvador,Latin America and Caribbean,6.061,GDP per capita,0.845
49,Mauritius,Sub-Saharan Africa,6.0489999999999995,GDP per capita,1.178
50,Latvia,Central and Eastern Europe,6.032,GDP per capita,1.285
51,Colombia,Latin America and Caribbean,6.0120000000000005,GDP per capita,1.021
52,Hungary,Central and Eastern Europe,5.992000000000001,GDP per capita,1.301
53,Thailand,Southeast Asia,5.985,GDP per capita,1.107
54,Nicaragua,Latin America and Caribbean,5.972,GDP per capita,0.693
55,Japan,East Asia,5.94,GDP per capita,1.389
56,Argentina,Latin America and Caribbean,5.928999999999999,GDP per capita,1.162
57,Portugal,Western Europe,5.928999999999999,GDP per capita,1.3230000000000002
58,Honduras,Latin America and Caribbean,5.919,GDP per capita,0.703
59,Croatia,Central and Eastern Europe,5.882000000000001,GDP per capita,1.251
60,Philippines,Southeast Asia,5.88,GDP per capita,0.853
61,South Korea,East Asia,5.845,GDP per capita,1.403
62,Peru,Latin America and Caribbean,5.84,GDP per capita,0.986
63,Bosnia and Herzegovina,Central and Eastern Europe,5.813,GDP per capita,1.032
64,Moldova,Commonwealth of Independent States,5.766,GDP per capita,0.985
65,Ecuador,Latin America and Caribbean,5.763999999999999,GDP per capita,0.935
66,Kyrgyzstan,Commonwealth of Independent States,5.744,GDP per capita,0.665
67,Greece,Western Europe,5.723,GDP per capita,1.273
68,Bolivia,Latin America and Caribbean,5.716,GDP per capita,0.8420000000000001
69,Mongolia,East Asia,5.6770000000000005,GDP per capita,0.966
70,Paraguay,Latin America and Caribbean,5.653,GDP per capita,0.983
71,Montenegro,Central and Eastern Europe,5.581,GDP per capita,1.155
72,Dominican Republic,Latin America and Caribbean,5.545,GDP per capita,1.1059999999999999
73,North Cyprus,Western Europe,5.5360000000000005,GDP per capita,1.3769999999999998
74,Belarus,Commonwealth of Independent States,5.534,GDP per capita,1.124
75,Russia,Commonwealth of Independent States,5.477,GDP per capita,1.2409999999999999
76,Hong Kong S.A.R. of China,East Asia,5.477,GDP per capita,1.525
77,Tajikistan,Commonwealth of Independent States,5.466,GDP per capita,0.508
78,Vietnam,Southeast Asia,5.4110000000000005,GDP per capita,0.8170000000000001
79,Libya,Middle East and North Africa,5.41,GDP per capita,1.044
80,Malaysia,Southeast Asia,5.3839999999999995,GDP per capita,1.2590000000000001
81,Indonesia,Southeast Asia,5.345,GDP per capita,0.9540000000000001
82,Congo (Brazzaville),Sub-Saharan Africa,5.3420000000000005,GDP per capita,0.518
83,China,East Asia,5.3389999999999995,GDP per capita,1.061
84,Ivory Coast,Sub-Saharan Africa,5.306,GDP per capita,0.669
85,Armenia,Commonwealth of Independent States,5.2829999999999995,GDP per capita,0.996
86,Nepal,South Asia,5.269,GDP per capita,0.519
87,Bulgaria,Central and Eastern Europe,5.266,GDP per capita,1.181
88,Maldives,South Asia,5.1979999999999995,GDP per capita,1.115
89,Azerbaijan,Commonwealth of Independent States,5.171,GDP per capita,1.025
90,Cameroon,Sub-Saharan Africa,5.142,GDP per capita,0.5429999999999999
91,Senegal,Sub-Saharan Africa,5.132000000000001,GDP per capita,0.518
92,Albania,Central and Eastern Europe,5.117,GDP per capita,1.008
93,North Macedonia,Central and Eastern Europe,5.101,GDP per capita,1.068
94,Ghana,Sub-Saharan Africa,5.088,GDP per capita,0.68
95,Niger,Sub-Saharan Africa,5.074,GDP per capita,0.162
96,Turkmenistan,Commonwealth of Independent States,5.066,GDP per capita,1.046
97,Gambia,Sub-Saharan Africa,5.051,GDP per capita,0.36700000000000005
98,Benin,Sub-Saharan Africa,5.045,GDP per capita,0.507
99,Laos,Southeast Asia,5.03,GDP per capita,0.8079999999999999
100,Bangladesh,South Asia,5.025,GDP per capita,0.635
101,Guinea,Sub-Saharan Africa,4.984,GDP per capita,0.42
102,South Africa,Sub-Saharan Africa,4.956,GDP per capita,0.9670000000000001
103,Turkey,Middle East and North Africa,4.948,GDP per capita,1.26
104,Pakistan,South Asia,4.934,GDP per capita,0.637
105,Morocco,Middle East and North Africa,4.918,GDP per capita,0.792
106,Venezuela,Latin America and Caribbean,4.8919999999999995,GDP per capita,0.852
107,Georgia,Commonwealth of Independent States,4.891,GDP per capita,1.03
108,Algeria,Middle East and North Africa,4.887,GDP per capita,0.946
109,Ukraine,Commonwealth of Independent States,4.875,GDP per capita,0.9790000000000001
110,Iraq,Middle East and North Africa,4.854,GDP per capita,0.91
111,Gabon,Sub-Saharan Africa,4.852,GDP per capita,1.037
112,Burkina Faso,Sub-Saharan Africa,4.834,GDP per capita,0.364
113,Cambodia,Southeast Asia,4.83,GDP per capita,0.603
114,Mozambique,Sub-Saharan Africa,4.794,GDP per capita,0.183
115,Nigeria,Sub-Saharan Africa,4.7589999999999995,GDP per capita,0.6629999999999999
116,Mali,Sub-Saharan Africa,4.723,GDP per capita,0.387
117,Iran,Middle East and North Africa,4.721,GDP per capita,1.03
118,Uganda,Sub-Saharan Africa,4.636,GDP per capita,0.364
119,Liberia,Sub-Saharan Africa,4.625,GDP per capita,0.228
120,Kenya,Sub-Saharan Africa,4.607,GDP per capita,0.603
121,Tunisia,Middle East and North Africa,4.596,GDP per capita,0.919
122,Lebanon,Middle East and North Africa,4.584,GDP per capita,1.045
123,Namibia,Sub-Saharan Africa,4.574,GDP per capita,0.882
124,Palestinian Territories,Middle East and North Africa,4.5169999999999995,GDP per capita,0.6459999999999999
125,Myanmar,Southeast Asia,4.426,GDP per capita,0.6659999999999999
126,Jordan,Middle East and North Africa,4.395,GDP per capita,0.89
127,Chad,Sub-Saharan Africa,4.355,GDP per capita,0.255
128,Sri Lanka,South Asia,4.325,GDP per capita,0.99
129,Swaziland,Sub-Saharan Africa,4.308,GDP per capita,0.8490000000000001
130,Comoros,Sub-Saharan Africa,4.289,GDP per capita,0.488
131,Egypt,Middle East and North Africa,4.283,GDP per capita,0.9540000000000001
132,Ethiopia,Sub-Saharan Africa,4.275,GDP per capita,0.37
133,Mauritania,Sub-Saharan Africa,4.227,GDP per capita,0.6659999999999999
134,Madagascar,Sub-Saharan Africa,4.208,GDP per capita,0.266
135,Togo,Sub-Saharan Africa,4.107,GDP per capita,0.254
136,Zambia,Sub-Saharan Africa,4.073,GDP per capita,0.528
137,Sierra Leone,Sub-Saharan Africa,3.8489999999999998,GDP per capita,0.27899999999999997
138,India,South Asia,3.819,GDP per capita,0.741
139,Burundi,Sub-Saharan Africa,3.775,GDP per capita,0.0
140,Yemen,Middle East and North Africa,3.658,GDP per capita,0.32899999999999996
141,Tanzania,Sub-Saharan Africa,3.623,GDP per capita,0.433
142,Haiti,Latin America and Caribbean,3.615,GDP per capita,0.294
143,Malawi,Sub-Saharan Africa,3.6,GDP per capita,0.113
144,Lesotho,Sub-Saharan Africa,3.512,GDP per capita,0.451
145,Botswana,Sub-Saharan Africa,3.467,GDP per capita,1.099
146,Rwanda,Sub-Saharan Africa,3.415,GDP per capita,0.364
147,Zimbabwe,Sub-Saharan Africa,3.145,GDP per capita,0.457
148,Afghanistan,South Asia,2.523,GDP per capita,0.37
149,Finland,Western Europe,7.8420000000000005,Social support,1.1059999999999999
150,Denmark,Western Europe,7.62,Social support,1.1079999999999999
151,Switzerland,Western Europe,7.571000000000001,Social support,1.079
152,Iceland,Western Europe,7.553999999999999,Social support,1.172
153,Netherlands,Western Europe,7.4639999999999995,Social support,1.079
154,Norway,Western Europe,7.392,Social support,1.1079999999999999
155,Sweden,Western Europe,7.3629999999999995,Social support,1.062
156,Luxembourg,Western Europe,7.324,Social support,1.003
157,New Zealand,North America and ANZ,7.277,Social support,1.094
158,Austria,Western Europe,7.268,Social support,1.062
159,Australia,North America and ANZ,7.183,Social support,1.0759999999999998
160,Israel,Middle East and North Africa,7.157,Social support,1.074
161,Germany,Western Europe,7.155,Social support,0.993
162,Canada,North America and ANZ,7.103,Social support,1.044
163,Ireland,Western Europe,7.085,Social support,1.092
164,Costa Rica,Latin America and Caribbean,7.069,Social support,0.966
165,United Kingdom,Western Europe,7.064,Social support,1.062
166,Czech Republic,Central and Eastern Europe,6.965,Social support,1.09
167,United States,North America and ANZ,6.9510000000000005,Social support,1.03
168,Belgium,Western Europe,6.834,Social support,0.998
169,France,Western Europe,6.69,Social support,1.081
170,Bahrain,Middle East and North Africa,6.647,Social support,0.899
171,Malta,Western Europe,6.602,Social support,1.055
172,Taiwan Province of China,East Asia,6.584,Social support,0.982
173,United Arab Emirates,Middle East and North Africa,6.561,Social support,0.86
174,Saudi Arabia,Middle East and North Africa,6.494,Social support,0.9640000000000001
175,Spain,Western Europe,6.4910000000000005,Social support,1.057
176,Italy,Western Europe,6.483,Social support,0.94
177,Slovenia,Central and Eastern Europe,6.461,Social support,1.093
178,Guatemala,Latin America and Caribbean,6.435,Social support,0.79
179,Uruguay,Latin America and Caribbean,6.431,Social support,1.042
180,Singapore,Southeast Asia,6.377000000000001,Social support,1.0190000000000001
181,Kosovo,Central and Eastern Europe,6.372000000000001,Social support,0.807
182,Slovakia,Central and Eastern Europe,6.331,Social support,1.0659999999999998
183,Brazil,Latin America and Caribbean,6.33,Social support,0.9440000000000001
184,Mexico,Latin America and Caribbean,6.317,Social support,0.83
185,Jamaica,Latin America and Caribbean,6.309,Social support,0.932
186,Lithuania,Central and Eastern Europe,6.255,Social support,1.065
187,Cyprus,Western Europe,6.223,Social support,0.765
188,Estonia,Central and Eastern Europe,6.189,Social support,1.079
189,Panama,Latin America and Caribbean,6.18,Social support,0.976
190,Uzbekistan,Commonwealth of Independent States,6.178999999999999,Social support,1.0270000000000001
191,Chile,Latin America and Caribbean,6.172000000000001,Social support,0.946
192,Poland,Central and Eastern Europe,6.166,Social support,0.982
193,Kazakhstan,Commonwealth of Independent States,6.152,Social support,1.103
194,Romania,Central and Eastern Europe,6.14,Social support,0.8320000000000001
195,Kuwait,Middle East and North Africa,6.106,Social support,0.857
196,Serbia,Central and Eastern Europe,6.077999999999999,Social support,0.924
197,El Salvador,Latin America and Caribbean,6.061,Social support,0.675
198,Mauritius,Sub-Saharan Africa,6.0489999999999995,Social support,0.996
199,Latvia,Central and Eastern Europe,6.032,Social support,1.047
200,Colombia,Latin America and Caribbean,6.0120000000000005,Social support,0.866
201,Hungary,Central and Eastern Europe,5.992000000000001,Social support,1.083
202,Thailand,Southeast Asia,5.985,Social support,0.9570000000000001
203,Nicaragua,Latin America and Caribbean,5.972,Social support,0.904
204,Japan,East Asia,5.94,Social support,0.9490000000000001
205,Argentina,Latin America and Caribbean,5.928999999999999,Social support,0.98
206,Portugal,Western Europe,5.928999999999999,Social support,0.9390000000000001
207,Honduras,Latin America and Caribbean,5.919,Social support,0.787
208,Croatia,Central and Eastern Europe,5.882000000000001,Social support,1.0390000000000001
209,Philippines,Southeast Asia,5.88,Social support,0.828
210,South Korea,East Asia,5.845,Social support,0.758
211,Peru,Latin America and Caribbean,5.84,Social support,0.833
212,Bosnia and Herzegovina,Central and Eastern Europe,5.813,Social support,0.919
213,Moldova,Commonwealth of Independent States,5.766,Social support,0.888
214,Ecuador,Latin America and Caribbean,5.763999999999999,Social support,0.8059999999999999
215,Kyrgyzstan,Commonwealth of Independent States,5.744,Social support,0.971
216,Greece,Western Europe,5.723,Social support,0.8109999999999999
217,Bolivia,Latin America and Caribbean,5.716,Social support,0.782
218,Mongolia,East Asia,5.6770000000000005,Social support,1.065
219,Paraguay,Latin America and Caribbean,5.653,Social support,0.97
220,Montenegro,Central and Eastern Europe,5.581,Social support,0.8909999999999999
221,Dominican Republic,Latin America and Caribbean,5.545,Social support,0.879
222,North Cyprus,Western Europe,5.5360000000000005,Social support,0.8059999999999999
223,Belarus,Commonwealth of Independent States,5.534,Social support,1.0070000000000001
224,Russia,Commonwealth of Independent States,5.477,Social support,0.992
225,Hong Kong S.A.R. of China,East Asia,5.477,Social support,0.841
226,Tajikistan,Commonwealth of Independent States,5.466,Social support,0.895
227,Vietnam,Southeast Asia,5.4110000000000005,Social support,0.873
228,Libya,Middle East and North Africa,5.41,Social support,0.821
229,Malaysia,Southeast Asia,5.3839999999999995,Social support,0.797
230,Indonesia,Southeast Asia,5.345,Social support,0.7859999999999999
231,Congo (Brazzaville),Sub-Saharan Africa,5.3420000000000005,Social support,0.392
232,China,East Asia,5.3389999999999995,Social support,0.785
233,Ivory Coast,Sub-Saharan Africa,5.306,Social support,0.409
234,Armenia,Commonwealth of Independent States,5.2829999999999995,Social support,0.758
235,Nepal,South Asia,5.269,Social support,0.7020000000000001
236,Bulgaria,Central and Eastern Europe,5.266,Social support,1.055
237,Maldives,South Asia,5.1979999999999995,Social support,1.015
238,Azerbaijan,Commonwealth of Independent States,5.171,Social support,0.841
239,Cameroon,Sub-Saharan Africa,5.142,Social support,0.556
240,Senegal,Sub-Saharan Africa,5.132000000000001,Social support,0.5579999999999999
241,Albania,Central and Eastern Europe,5.117,Social support,0.529
242,North Macedonia,Central and Eastern Europe,5.101,Social support,0.772
243,Ghana,Sub-Saharan Africa,5.088,Social support,0.595
244,Niger,Sub-Saharan Africa,5.074,Social support,0.402
245,Turkmenistan,Commonwealth of Independent States,5.066,Social support,1.172
246,Gambia,Sub-Saharan Africa,5.051,Social support,0.511
247,Benin,Sub-Saharan Africa,5.045,Social support,0.057999999999999996
248,Laos,Southeast Asia,5.03,Social support,0.598
249,Bangladesh,South Asia,5.025,Social support,0.52
250,Guinea,Sub-Saharan Africa,4.984,Social support,0.39899999999999997
251,South Africa,Sub-Saharan Africa,4.956,Social support,0.895
252,Turkey,Middle East and North Africa,4.948,Social support,0.809
253,Pakistan,South Asia,4.934,Social support,0.423
254,Morocco,Middle East and North Africa,4.918,Social support,0.21899999999999997
255,Venezuela,Latin America and Caribbean,4.8919999999999995,Social support,0.897
256,Georgia,Commonwealth of Independent States,4.891,Social support,0.47
257,Algeria,Middle East and North Africa,4.887,Social support,0.765
258,Ukraine,Commonwealth of Independent States,4.875,Social support,0.958
259,Iraq,Middle East and North Africa,4.854,Social support,0.638
260,Gabon,Sub-Saharan Africa,4.852,Social support,0.7070000000000001
261,Burkina Faso,Sub-Saharan Africa,4.834,Social support,0.47200000000000003
262,Cambodia,Southeast Asia,4.83,Social support,0.68
263,Mozambique,Sub-Saharan Africa,4.794,Social support,0.634
264,Nigeria,Sub-Saharan Africa,4.7589999999999995,Social support,0.625
265,Mali,Sub-Saharan Africa,4.723,Social support,0.59
266,Iran,Middle East and North Africa,4.721,Social support,0.557
267,Uganda,Sub-Saharan Africa,4.636,Social support,0.718
268,Liberia,Sub-Saharan Africa,4.625,Social support,0.58
269,Kenya,Sub-Saharan Africa,4.607,Social support,0.508
270,Tunisia,Middle East and North Africa,4.596,Social support,0.515
271,Lebanon,Middle East and North Africa,4.584,Social support,0.868
272,Namibia,Sub-Saharan Africa,4.574,Social support,0.8009999999999999
273,Palestinian Territories,Middle East and North Africa,4.5169999999999995,Social support,0.8190000000000001
274,Myanmar,Southeast Asia,4.426,Social support,0.713
275,Jordan,Middle East and North Africa,4.395,Social support,0.685
276,Chad,Sub-Saharan Africa,4.355,Social support,0.353
277,Sri Lanka,South Asia,4.325,Social support,0.82
278,Swaziland,Sub-Saharan Africa,4.308,Social support,0.693
279,Comoros,Sub-Saharan Africa,4.289,Social support,0.36700000000000005
280,Egypt,Middle East and North Africa,4.283,Social support,0.647
281,Ethiopia,Sub-Saharan Africa,4.275,Social support,0.679
282,Mauritania,Sub-Saharan Africa,4.227,Social support,0.7490000000000001
283,Madagascar,Sub-Saharan Africa,4.208,Social support,0.503
284,Togo,Sub-Saharan Africa,4.107,Social support,0.239
285,Zambia,Sub-Saharan Africa,4.073,Social support,0.552
286,Sierra Leone,Sub-Saharan Africa,3.8489999999999998,Social support,0.377
287,India,South Asia,3.819,Social support,0.316
288,Burundi,Sub-Saharan Africa,3.775,Social support,0.062
289,Yemen,Middle East and North Africa,3.658,Social support,0.831
290,Tanzania,Sub-Saharan Africa,3.623,Social support,0.54
291,Haiti,Latin America and Caribbean,3.615,Social support,0.17300000000000001
292,Malawi,Sub-Saharan Africa,3.6,Social support,0.168
293,Lesotho,Sub-Saharan Africa,3.512,Social support,0.731
294,Botswana,Sub-Saharan Africa,3.467,Social support,0.7240000000000001
295,Rwanda,Sub-Saharan Africa,3.415,Social support,0.20199999999999999
296,Zimbabwe,Sub-Saharan Africa,3.145,Social support,0.649
297,Afghanistan,South Asia,2.523,Social support,0.0
298,Finland,Western Europe,7.8420000000000005,Healthy life expectancy,0.741
299,Denmark,Western Europe,7.62,Healthy life expectancy,0.763
300,Switzerland,Western Europe,7.571000000000001,Healthy life expectancy,0.816
301,Iceland,Western Europe,7.553999999999999,Healthy life expectancy,0.772
302,Netherlands,Western Europe,7.4639999999999995,Healthy life expectancy,0.753
303,Norway,Western Europe,7.392,Healthy life expectancy,0.782
304,Sweden,Western Europe,7.3629999999999995,Healthy life expectancy,0.763
305,Luxembourg,Western Europe,7.324,Healthy life expectancy,0.76
306,New Zealand,North America and ANZ,7.277,Healthy life expectancy,0.785
307,Austria,Western Europe,7.268,Healthy life expectancy,0.782
308,Australia,North America and ANZ,7.183,Healthy life expectancy,0.8009999999999999
309,Israel,Middle East and North Africa,7.157,Healthy life expectancy,0.7879999999999999
310,Germany,Western Europe,7.155,Healthy life expectancy,0.757
311,Canada,North America and ANZ,7.103,Healthy life expectancy,0.7979999999999999
312,Ireland,Western Europe,7.085,Healthy life expectancy,0.753
313,Costa Rica,Latin America and Caribbean,7.069,Healthy life expectancy,0.722
314,United Kingdom,Western Europe,7.064,Healthy life expectancy,0.757
315,Czech Republic,Central and Eastern Europe,6.965,Healthy life expectancy,0.703
316,United States,North America and ANZ,6.9510000000000005,Healthy life expectancy,0.621
317,Belgium,Western Europe,6.834,Healthy life expectancy,0.747
318,France,Western Europe,6.69,Healthy life expectancy,0.804
319,Bahrain,Middle East and North Africa,6.647,Healthy life expectancy,0.662
320,Malta,Western Europe,6.602,Healthy life expectancy,0.747
321,Taiwan Province of China,East Asia,6.584,Healthy life expectancy,0.665
322,United Arab Emirates,Middle East and North Africa,6.561,Healthy life expectancy,0.594
323,Saudi Arabia,Middle East and North Africa,6.494,Healthy life expectancy,0.5710000000000001
324,Spain,Western Europe,6.4910000000000005,Healthy life expectancy,0.826
325,Italy,Western Europe,6.483,Healthy life expectancy,0.7979999999999999
326,Slovenia,Central and Eastern Europe,6.461,Healthy life expectancy,0.722
327,Guatemala,Latin America and Caribbean,6.435,Healthy life expectancy,0.519
328,Uruguay,Latin America and Caribbean,6.431,Healthy life expectancy,0.649
329,Singapore,Southeast Asia,6.377000000000001,Healthy life expectancy,0.897
330,Kosovo,Central and Eastern Europe,6.372000000000001,Healthy life expectancy,0.483
331,Slovakia,Central and Eastern Europe,6.331,Healthy life expectancy,0.653
332,Brazil,Latin America and Caribbean,6.33,Healthy life expectancy,0.5710000000000001
333,Mexico,Latin America and Caribbean,6.317,Healthy life expectancy,0.634
334,Jamaica,Latin America and Caribbean,6.309,Healthy life expectancy,0.599
335,Lithuania,Central and Eastern Europe,6.255,Healthy life expectancy,0.612
336,Cyprus,Western Europe,6.223,Healthy life expectancy,0.8009999999999999
337,Estonia,Central and Eastern Europe,6.189,Healthy life expectancy,0.64
338,Panama,Latin America and Caribbean,6.18,Healthy life expectancy,0.667
339,Uzbekistan,Commonwealth of Independent States,6.178999999999999,Healthy life expectancy,0.528
340,Chile,Latin America and Caribbean,6.172000000000001,Healthy life expectancy,0.6779999999999999
341,Poland,Central and Eastern Europe,6.166,Healthy life expectancy,0.6679999999999999
342,Kazakhstan,Commonwealth of Independent States,6.152,Healthy life expectancy,0.527
343,Romania,Central and Eastern Europe,6.14,Healthy life expectancy,0.595
344,Kuwait,Middle East and North Africa,6.106,Healthy life expectancy,0.58
345,Serbia,Central and Eastern Europe,6.077999999999999,Healthy life expectancy,0.634
346,El Salvador,Latin America and Caribbean,6.061,Healthy life expectancy,0.565
347,Mauritius,Sub-Saharan Africa,6.0489999999999995,Healthy life expectancy,0.574
348,Latvia,Central and Eastern Europe,6.032,Healthy life expectancy,0.5870000000000001
349,Colombia,Latin America and Caribbean,6.0120000000000005,Healthy life expectancy,0.615
350,Hungary,Central and Eastern Europe,5.992000000000001,Healthy life expectancy,0.615
351,Thailand,Southeast Asia,5.985,Healthy life expectancy,0.596
352,Nicaragua,Latin America and Caribbean,5.972,Healthy life expectancy,0.604
353,Japan,East Asia,5.94,Healthy life expectancy,0.838
354,Argentina,Latin America and Caribbean,5.928999999999999,Healthy life expectancy,0.6459999999999999
355,Portugal,Western Europe,5.928999999999999,Healthy life expectancy,0.76
356,Honduras,Latin America and Caribbean,5.919,Healthy life expectancy,0.593
357,Croatia,Central and Eastern Europe,5.882000000000001,Healthy life expectancy,0.703
358,Philippines,Southeast Asia,5.88,Healthy life expectancy,0.426
359,South Korea,East Asia,5.845,Healthy life expectancy,0.8009999999999999
360,Peru,Latin America and Caribbean,5.84,Healthy life expectancy,0.623
361,Bosnia and Herzegovina,Central and Eastern Europe,5.813,Healthy life expectancy,0.618
362,Moldova,Commonwealth of Independent States,5.766,Healthy life expectancy,0.542
363,Ecuador,Latin America and Caribbean,5.763999999999999,Healthy life expectancy,0.64
364,Kyrgyzstan,Commonwealth of Independent States,5.744,Healthy life expectancy,0.501
365,Greece,Western Europe,5.723,Healthy life expectancy,0.76
366,Bolivia,Latin America and Caribbean,5.716,Healthy life expectancy,0.486
367,Mongolia,East Asia,5.6770000000000005,Healthy life expectancy,0.442
368,Paraguay,Latin America and Caribbean,5.653,Healthy life expectancy,0.5489999999999999
369,Montenegro,Central and Eastern Europe,5.581,Healthy life expectancy,0.637
370,Dominican Republic,Latin America and Caribbean,5.545,Healthy life expectancy,0.555
371,North Cyprus,Western Europe,5.5360000000000005,Healthy life expectancy,0.8009999999999999
372,Belarus,Commonwealth of Independent States,5.534,Healthy life expectancy,0.56
373,Russia,Commonwealth of Independent States,5.477,Healthy life expectancy,0.511
374,Hong Kong S.A.R. of China,East Asia,5.477,Healthy life expectancy,0.893
375,Tajikistan,Commonwealth of Independent States,5.466,Healthy life expectancy,0.498
376,Vietnam,Southeast Asia,5.4110000000000005,Healthy life expectancy,0.616
377,Libya,Middle East and North Africa,5.41,Healthy life expectancy,0.435
378,Malaysia,Southeast Asia,5.3839999999999995,Healthy life expectancy,0.5870000000000001
379,Indonesia,Southeast Asia,5.345,Healthy life expectancy,0.433
380,Congo (Brazzaville),Sub-Saharan Africa,5.3420000000000005,Healthy life expectancy,0.307
381,China,East Asia,5.3389999999999995,Healthy life expectancy,0.665
382,Ivory Coast,Sub-Saharan Africa,5.306,Healthy life expectancy,0.052000000000000005
383,Armenia,Commonwealth of Independent States,5.2829999999999995,Healthy life expectancy,0.585
384,Nepal,South Asia,5.269,Healthy life expectancy,0.496
385,Bulgaria,Central and Eastern Europe,5.266,Healthy life expectancy,0.583
386,Maldives,South Asia,5.1979999999999995,Healthy life expectancy,0.6970000000000001
387,Azerbaijan,Commonwealth of Independent States,5.171,Healthy life expectancy,0.541
388,Cameroon,Sub-Saharan Africa,5.142,Healthy life expectancy,0.159
389,Senegal,Sub-Saharan Africa,5.132000000000001,Healthy life expectancy,0.35700000000000004
390,Albania,Central and Eastern Europe,5.117,Healthy life expectancy,0.6459999999999999
391,North Macedonia,Central and Eastern Europe,5.101,Healthy life expectancy,0.535
392,Ghana,Sub-Saharan Africa,5.088,Healthy life expectancy,0.287
393,Niger,Sub-Saharan Africa,5.074,Healthy life expectancy,0.16699999999999998
394,Turkmenistan,Commonwealth of Independent States,5.066,Healthy life expectancy,0.439
395,Gambia,Sub-Saharan Africa,5.051,Healthy life expectancy,0.21
396,Benin,Sub-Saharan Africa,5.045,Healthy life expectancy,0.196
397,Laos,Southeast Asia,5.03,Healthy life expectancy,0.33
398,Bangladesh,South Asia,5.025,Healthy life expectancy,0.514
399,Guinea,Sub-Saharan Africa,4.984,Healthy life expectancy,0.20600000000000002
400,South Africa,Sub-Saharan Africa,4.956,Healthy life expectancy,0.265
401,Turkey,Middle East and North Africa,4.948,Healthy life expectancy,0.59
402,Pakistan,South Asia,4.934,Healthy life expectancy,0.322
403,Morocco,Middle East and North Africa,4.918,Healthy life expectancy,0.5579999999999999
404,Venezuela,Latin America and Caribbean,4.8919999999999995,Healthy life expectancy,0.574
405,Georgia,Commonwealth of Independent States,4.891,Healthy life expectancy,0.498
406,Algeria,Middle East and North Africa,4.887,Healthy life expectancy,0.552
407,Ukraine,Commonwealth of Independent States,4.875,Healthy life expectancy,0.517
408,Iraq,Middle East and North Africa,4.854,Healthy life expectancy,0.381
409,Gabon,Sub-Saharan Africa,4.852,Healthy life expectancy,0.36200000000000004
410,Burkina Faso,Sub-Saharan Africa,4.834,Healthy life expectancy,0.179
411,Cambodia,Southeast Asia,4.83,Healthy life expectancy,0.426
412,Mozambique,Sub-Saharan Africa,4.794,Healthy life expectancy,0.196
413,Nigeria,Sub-Saharan Africa,4.7589999999999995,Healthy life expectancy,0.051
414,Mali,Sub-Saharan Africa,4.723,Healthy life expectancy,0.11
415,Iran,Middle East and North Africa,4.721,Healthy life expectancy,0.561
416,Uganda,Sub-Saharan Africa,4.636,Healthy life expectancy,0.24
417,Liberia,Sub-Saharan Africa,4.625,Healthy life expectancy,0.253
418,Kenya,Sub-Saharan Africa,4.607,Healthy life expectancy,0.385
419,Tunisia,Middle East and North Africa,4.596,Healthy life expectancy,0.59
420,Lebanon,Middle East and North Africa,4.584,Healthy life expectancy,0.595
421,Namibia,Sub-Saharan Africa,4.574,Healthy life expectancy,0.262
422,Palestinian Territories,Middle East and North Africa,4.5169999999999995,Healthy life expectancy,0.434
423,Myanmar,Southeast Asia,4.426,Healthy life expectancy,0.341
424,Jordan,Middle East and North Africa,4.395,Healthy life expectancy,0.583
425,Chad,Sub-Saharan Africa,4.355,Healthy life expectancy,0.0
426,Sri Lanka,South Asia,4.325,Healthy life expectancy,0.593
427,Swaziland,Sub-Saharan Africa,4.308,Healthy life expectancy,0.07400000000000001
428,Comoros,Sub-Saharan Africa,4.289,Healthy life expectancy,0.27899999999999997
429,Egypt,Middle East and North Africa,4.283,Healthy life expectancy,0.426
430,Ethiopia,Sub-Saharan Africa,4.275,Healthy life expectancy,0.331
431,Mauritania,Sub-Saharan Africa,4.227,Healthy life expectancy,0.273
432,Madagascar,Sub-Saharan Africa,4.208,Healthy life expectancy,0.341
433,Togo,Sub-Saharan Africa,4.107,Healthy life expectancy,0.203
434,Zambia,Sub-Saharan Africa,4.073,Healthy life expectancy,0.231
435,Sierra Leone,Sub-Saharan Africa,3.8489999999999998,Healthy life expectancy,0.1
436,India,South Asia,3.819,Healthy life expectancy,0.38299999999999995
437,Burundi,Sub-Saharan Africa,3.775,Healthy life expectancy,0.155
438,Yemen,Middle East and North Africa,3.658,Healthy life expectancy,0.272
439,Tanzania,Sub-Saharan Africa,3.623,Healthy life expectancy,0.3
440,Haiti,Latin America and Caribbean,3.615,Healthy life expectancy,0.22699999999999998
441,Malawi,Sub-Saharan Africa,3.6,Healthy life expectancy,0.298
442,Lesotho,Sub-Saharan Africa,3.512,Healthy life expectancy,0.006999999999999999
443,Botswana,Sub-Saharan Africa,3.467,Healthy life expectancy,0.34
444,Rwanda,Sub-Saharan Africa,3.415,Healthy life expectancy,0.40700000000000003
445,Zimbabwe,Sub-Saharan Africa,3.145,Healthy life expectancy,0.243
446,Afghanistan,South Asia,2.523,Healthy life expectancy,0.126
447,Finland,Western Europe,7.8420000000000005,Freedom to make life choices,0.691
448,Denmark,Western Europe,7.62,Freedom to make life choices,0.6859999999999999
449,Switzerland,Western Europe,7.571000000000001,Freedom to make life choices,0.653
450,Iceland,Western Europe,7.553999999999999,Freedom to make life choices,0.698
451,Netherlands,Western Europe,7.4639999999999995,Freedom to make life choices,0.647
452,Norway,Western Europe,7.392,Freedom to make life choices,0.703
453,Sweden,Western Europe,7.3629999999999995,Freedom to make life choices,0.685
454,Luxembourg,Western Europe,7.324,Freedom to make life choices,0.639
455,New Zealand,North America and ANZ,7.277,Freedom to make life choices,0.665
456,Austria,Western Europe,7.268,Freedom to make life choices,0.64
457,Australia,North America and ANZ,7.183,Freedom to make life choices,0.647
458,Israel,Middle East and North Africa,7.157,Freedom to make life choices,0.509
459,Germany,Western Europe,7.155,Freedom to make life choices,0.6
460,Canada,North America and ANZ,7.103,Freedom to make life choices,0.648
461,Ireland,Western Europe,7.085,Freedom to make life choices,0.606
462,Costa Rica,Latin America and Caribbean,7.069,Freedom to make life choices,0.6729999999999999
463,United Kingdom,Western Europe,7.064,Freedom to make life choices,0.58
464,Czech Republic,Central and Eastern Europe,6.965,Freedom to make life choices,0.58
465,United States,North America and ANZ,6.9510000000000005,Freedom to make life choices,0.5539999999999999
466,Belgium,Western Europe,6.834,Freedom to make life choices,0.489
467,France,Western Europe,6.69,Freedom to make life choices,0.536
468,Bahrain,Middle East and North Africa,6.647,Freedom to make life choices,0.6609999999999999
469,Malta,Western Europe,6.602,Freedom to make life choices,0.664
470,Taiwan Province of China,East Asia,6.584,Freedom to make life choices,0.49
471,United Arab Emirates,Middle East and North Africa,6.561,Freedom to make life choices,0.67
472,Saudi Arabia,Middle East and North Africa,6.494,Freedom to make life choices,0.603
473,Spain,Western Europe,6.4910000000000005,Freedom to make life choices,0.462
474,Italy,Western Europe,6.483,Freedom to make life choices,0.379
475,Slovenia,Central and Eastern Europe,6.461,Freedom to make life choices,0.69
476,Guatemala,Latin America and Caribbean,6.435,Freedom to make life choices,0.638
477,Uruguay,Latin America and Caribbean,6.431,Freedom to make life choices,0.625
478,Singapore,Southeast Asia,6.377000000000001,Freedom to make life choices,0.664
479,Kosovo,Central and Eastern Europe,6.372000000000001,Freedom to make life choices,0.593
480,Slovakia,Central and Eastern Europe,6.331,Freedom to make life choices,0.46799999999999997
481,Brazil,Latin America and Caribbean,6.33,Freedom to make life choices,0.514
482,Mexico,Latin America and Caribbean,6.317,Freedom to make life choices,0.585
483,Jamaica,Latin America and Caribbean,6.309,Freedom to make life choices,0.618
484,Lithuania,Central and Eastern Europe,6.255,Freedom to make life choices,0.47600000000000003
485,Cyprus,Western Europe,6.223,Freedom to make life choices,0.46399999999999997
486,Estonia,Central and Eastern Europe,6.189,Freedom to make life choices,0.6409999999999999
487,Panama,Latin America and Caribbean,6.18,Freedom to make life choices,0.596
488,Uzbekistan,Commonwealth of Independent States,6.178999999999999,Freedom to make life choices,0.716
489,Chile,Latin America and Caribbean,6.172000000000001,Freedom to make life choices,0.43799999999999994
490,Poland,Central and Eastern Europe,6.166,Freedom to make life choices,0.5579999999999999
491,Kazakhstan,Commonwealth of Independent States,6.152,Freedom to make life choices,0.573
492,Romania,Central and Eastern Europe,6.14,Freedom to make life choices,0.564
493,Kuwait,Middle East and North Africa,6.106,Freedom to make life choices,0.591
494,Serbia,Central and Eastern Europe,6.077999999999999,Freedom to make life choices,0.48200000000000004
495,El Salvador,Latin America and Caribbean,6.061,Freedom to make life choices,0.615
496,Mauritius,Sub-Saharan Africa,6.0489999999999995,Freedom to make life choices,0.59
497,Latvia,Central and Eastern Europe,6.032,Freedom to make life choices,0.405
498,Colombia,Latin America and Caribbean,6.0120000000000005,Freedom to make life choices,0.5539999999999999
499,Hungary,Central and Eastern Europe,5.992000000000001,Freedom to make life choices,0.45399999999999996
500,Thailand,Southeast Asia,5.985,Freedom to make life choices,0.611
501,Nicaragua,Latin America and Caribbean,5.972,Freedom to make life choices,0.5529999999999999
502,Japan,East Asia,5.94,Freedom to make life choices,0.504
503,Argentina,Latin America and Caribbean,5.928999999999999,Freedom to make life choices,0.544
504,Portugal,Western Europe,5.928999999999999,Freedom to make life choices,0.621
505,Honduras,Latin America and Caribbean,5.919,Freedom to make life choices,0.578
506,Croatia,Central and Eastern Europe,5.882000000000001,Freedom to make life choices,0.45299999999999996
507,Philippines,Southeast Asia,5.88,Freedom to make life choices,0.6509999999999999
508,South Korea,East Asia,5.845,Freedom to make life choices,0.353
509,Peru,Latin America and Caribbean,5.84,Freedom to make life choices,0.536
510,Bosnia and Herzegovina,Central and Eastern Europe,5.813,Freedom to make life choices,0.395
511,Moldova,Commonwealth of Independent States,5.766,Freedom to make life choices,0.536
512,Ecuador,Latin America and Caribbean,5.763999999999999,Freedom to make life choices,0.56
513,Kyrgyzstan,Commonwealth of Independent States,5.744,Freedom to make life choices,0.6729999999999999
514,Greece,Western Europe,5.723,Freedom to make life choices,0.243
515,Bolivia,Latin America and Caribbean,5.716,Freedom to make life choices,0.6
516,Mongolia,East Asia,5.6770000000000005,Freedom to make life choices,0.397
517,Paraguay,Latin America and Caribbean,5.653,Freedom to make life choices,0.602
518,Montenegro,Central and Eastern Europe,5.581,Freedom to make life choices,0.397
519,Dominican Republic,Latin America and Caribbean,5.545,Freedom to make life choices,0.581
520,North Cyprus,Western Europe,5.5360000000000005,Freedom to make life choices,0.503
521,Belarus,Commonwealth of Independent States,5.534,Freedom to make life choices,0.326
522,Russia,Commonwealth of Independent States,5.477,Freedom to make life choices,0.409
523,Hong Kong S.A.R. of China,East Asia,5.477,Freedom to make life choices,0.408
524,Tajikistan,Commonwealth of Independent States,5.466,Freedom to make life choices,0.5479999999999999
525,Vietnam,Southeast Asia,5.4110000000000005,Freedom to make life choices,0.679
526,Libya,Middle East and North Africa,5.41,Freedom to make life choices,0.474
527,Malaysia,Southeast Asia,5.3839999999999995,Freedom to make life choices,0.624
528,Indonesia,Southeast Asia,5.345,Freedom to make life choices,0.598
529,Congo (Brazzaville),Sub-Saharan Africa,5.3420000000000005,Freedom to make life choices,0.381
530,China,East Asia,5.3389999999999995,Freedom to make life choices,0.636
531,Ivory Coast,Sub-Saharan Africa,5.306,Freedom to make life choices,0.43799999999999994
532,Armenia,Commonwealth of Independent States,5.2829999999999995,Freedom to make life choices,0.54
533,Nepal,South Asia,5.269,Freedom to make life choices,0.488
534,Bulgaria,Central and Eastern Europe,5.266,Freedom to make life choices,0.494
535,Maldives,South Asia,5.1979999999999995,Freedom to make life choices,0.575
536,Azerbaijan,Commonwealth of Independent States,5.171,Freedom to make life choices,0.526
537,Cameroon,Sub-Saharan Africa,5.142,Freedom to make life choices,0.425
538,Senegal,Sub-Saharan Africa,5.132000000000001,Freedom to make life choices,0.381
539,Albania,Central and Eastern Europe,5.117,Freedom to make life choices,0.491
540,North Macedonia,Central and Eastern Europe,5.101,Freedom to make life choices,0.45
541,Ghana,Sub-Saharan Africa,5.088,Freedom to make life choices,0.517
542,Niger,Sub-Saharan Africa,5.074,Freedom to make life choices,0.516
543,Turkmenistan,Commonwealth of Independent States,5.066,Freedom to make life choices,0.602
544,Gambia,Sub-Saharan Africa,5.051,Freedom to make life choices,0.384
545,Benin,Sub-Saharan Africa,5.045,Freedom to make life choices,0.457
546,Laos,Southeast Asia,5.03,Freedom to make life choices,0.643
547,Bangladesh,South Asia,5.025,Freedom to make life choices,0.603
548,Guinea,Sub-Saharan Africa,4.984,Freedom to make life choices,0.384
549,South Africa,Sub-Saharan Africa,4.956,Freedom to make life choices,0.447
550,Turkey,Middle East and North Africa,4.948,Freedom to make life choices,0.23600000000000002
551,Pakistan,South Asia,4.934,Freedom to make life choices,0.418
552,Morocco,Middle East and North Africa,4.918,Freedom to make life choices,0.47700000000000004
553,Venezuela,Latin America and Caribbean,4.8919999999999995,Freedom to make life choices,0.284
554,Georgia,Commonwealth of Independent States,4.891,Freedom to make life choices,0.488
555,Algeria,Middle East and North Africa,4.887,Freedom to make life choices,0.11900000000000001
556,Ukraine,Commonwealth of Independent States,4.875,Freedom to make life choices,0.41700000000000004
557,Iraq,Middle East and North Africa,4.854,Freedom to make life choices,0.302
558,Gabon,Sub-Saharan Africa,4.852,Freedom to make life choices,0.424
559,Burkina Faso,Sub-Saharan Africa,4.834,Freedom to make life choices,0.381
560,Cambodia,Southeast Asia,4.83,Freedom to make life choices,0.7020000000000001
561,Mozambique,Sub-Saharan Africa,4.794,Freedom to make life choices,0.608
562,Nigeria,Sub-Saharan Africa,4.7589999999999995,Freedom to make life choices,0.433
563,Mali,Sub-Saharan Africa,4.723,Freedom to make life choices,0.384
564,Iran,Middle East and North Africa,4.721,Freedom to make life choices,0.275
565,Uganda,Sub-Saharan Africa,4.636,Freedom to make life choices,0.39799999999999996
566,Liberia,Sub-Saharan Africa,4.625,Freedom to make life choices,0.43
567,Kenya,Sub-Saharan Africa,4.607,Freedom to make life choices,0.483
568,Tunisia,Middle East and North Africa,4.596,Freedom to make life choices,0.33399999999999996
569,Lebanon,Middle East and North Africa,4.584,Freedom to make life choices,0.175
570,Namibia,Sub-Saharan Africa,4.574,Freedom to make life choices,0.41100000000000003
571,Palestinian Territories,Middle East and North Africa,4.5169999999999995,Freedom to make life choices,0.33
572,Myanmar,Southeast Asia,4.426,Freedom to make life choices,0.601
573,Jordan,Middle East and North Africa,4.395,Freedom to make life choices,0.455
574,Chad,Sub-Saharan Africa,4.355,Freedom to make life choices,0.24
575,Sri Lanka,South Asia,4.325,Freedom to make life choices,0.5589999999999999
576,Swaziland,Sub-Saharan Africa,4.308,Freedom to make life choices,0.32299999999999995
577,Comoros,Sub-Saharan Africa,4.289,Freedom to make life choices,0.20199999999999999
578,Egypt,Middle East and North Africa,4.283,Freedom to make life choices,0.446
579,Ethiopia,Sub-Saharan Africa,4.275,Freedom to make life choices,0.451
580,Mauritania,Sub-Saharan Africa,4.227,Freedom to make life choices,0.218
581,Madagascar,Sub-Saharan Africa,4.208,Freedom to make life choices,0.207
582,Togo,Sub-Saharan Africa,4.107,Freedom to make life choices,0.289
583,Zambia,Sub-Saharan Africa,4.073,Freedom to make life choices,0.48700000000000004
584,Sierra Leone,Sub-Saharan Africa,3.8489999999999998,Freedom to make life choices,0.408
585,India,South Asia,3.819,Freedom to make life choices,0.622
586,Burundi,Sub-Saharan Africa,3.775,Freedom to make life choices,0.298
587,Yemen,Middle East and North Africa,3.658,Freedom to make life choices,0.268
588,Tanzania,Sub-Saharan Africa,3.623,Freedom to make life choices,0.5489999999999999
589,Haiti,Latin America and Caribbean,3.615,Freedom to make life choices,0.257
590,Malawi,Sub-Saharan Africa,3.6,Freedom to make life choices,0.484
591,Lesotho,Sub-Saharan Africa,3.512,Freedom to make life choices,0.405
592,Botswana,Sub-Saharan Africa,3.467,Freedom to make life choices,0.539
593,Rwanda,Sub-Saharan Africa,3.415,Freedom to make life choices,0.627
594,Zimbabwe,Sub-Saharan Africa,3.145,Freedom to make life choices,0.359
595,Afghanistan,South Asia,2.523,Freedom to make life choices,0.0
596,Finland,Western Europe,7.8420000000000005,Generosity,0.124
597,Denmark,Western Europe,7.62,Generosity,0.20800000000000002
598,Switzerland,Western Europe,7.571000000000001,Generosity,0.204
599,Iceland,Western Europe,7.553999999999999,Generosity,0.293
600,Netherlands,Western Europe,7.4639999999999995,Generosity,0.302
601,Norway,Western Europe,7.392,Generosity,0.249
602,Sweden,Western Europe,7.3629999999999995,Generosity,0.244
603,Luxembourg,Western Europe,7.324,Generosity,0.166
604,New Zealand,North America and ANZ,7.277,Generosity,0.276
605,Austria,Western Europe,7.268,Generosity,0.215
606,Australia,North America and ANZ,7.183,Generosity,0.29100000000000004
607,Israel,Middle East and North Africa,7.157,Generosity,0.20800000000000002
608,Germany,Western Europe,7.155,Generosity,0.195
609,Canada,North America and ANZ,7.103,Generosity,0.24600000000000002
610,Ireland,Western Europe,7.085,Generosity,0.23800000000000002
611,Costa Rica,Latin America and Caribbean,7.069,Generosity,0.105
612,United Kingdom,Western Europe,7.064,Generosity,0.34
613,Czech Republic,Central and Eastern Europe,6.965,Generosity,0.052000000000000005
614,United States,North America and ANZ,6.9510000000000005,Generosity,0.252
615,Belgium,Western Europe,6.834,Generosity,0.08800000000000001
616,France,Western Europe,6.69,Generosity,0.092
617,Bahrain,Middle East and North Africa,6.647,Generosity,0.24600000000000002
618,Malta,Western Europe,6.602,Generosity,0.275
619,Taiwan Province of China,East Asia,6.584,Generosity,0.142
620,United Arab Emirates,Middle East and North Africa,6.561,Generosity,0.23600000000000002
621,Saudi Arabia,Middle East and North Africa,6.494,Generosity,0.09
622,Spain,Western Europe,6.4910000000000005,Generosity,0.135
623,Italy,Western Europe,6.483,Generosity,0.133
624,Slovenia,Central and Eastern Europe,6.461,Generosity,0.122
625,Guatemala,Latin America and Caribbean,6.435,Generosity,0.163
626,Uruguay,Latin America and Caribbean,6.431,Generosity,0.128
627,Singapore,Southeast Asia,6.377000000000001,Generosity,0.17600000000000002
628,Kosovo,Central and Eastern Europe,6.372000000000001,Generosity,0.35600000000000004
629,Slovakia,Central and Eastern Europe,6.331,Generosity,0.107
630,Brazil,Latin America and Caribbean,6.33,Generosity,0.142
631,Mexico,Latin America and Caribbean,6.317,Generosity,0.092
632,Jamaica,Latin America and Caribbean,6.309,Generosity,0.099
633,Lithuania,Central and Eastern Europe,6.255,Generosity,0.055999999999999994
634,Cyprus,Western Europe,6.223,Generosity,0.17800000000000002
635,Estonia,Central and Eastern Europe,6.189,Generosity,0.11900000000000001
636,Panama,Latin America and Caribbean,6.18,Generosity,0.079
637,Uzbekistan,Commonwealth of Independent States,6.178999999999999,Generosity,0.391
638,Chile,Latin America and Caribbean,6.172000000000001,Generosity,0.159
639,Poland,Central and Eastern Europe,6.166,Generosity,0.08
640,Kazakhstan,Commonwealth of Independent States,6.152,Generosity,0.14300000000000002
641,Romania,Central and Eastern Europe,6.14,Generosity,0.045
642,Kuwait,Middle East and North Africa,6.106,Generosity,0.12
643,Serbia,Central and Eastern Europe,6.077999999999999,Generosity,0.18899999999999997
644,El Salvador,Latin America and Caribbean,6.061,Generosity,0.11599999999999999
645,Mauritius,Sub-Saharan Africa,6.0489999999999995,Generosity,0.153
646,Latvia,Central and Eastern Europe,6.032,Generosity,0.08199999999999999
647,Colombia,Latin America and Caribbean,6.0120000000000005,Generosity,0.1
648,Hungary,Central and Eastern Europe,5.992000000000001,Generosity,0.067
649,Thailand,Southeast Asia,5.985,Generosity,0.375
650,Nicaragua,Latin America and Caribbean,5.972,Generosity,0.201
651,Japan,East Asia,5.94,Generosity,0.02
652,Argentina,Latin America and Caribbean,5.928999999999999,Generosity,0.069
653,Portugal,Western Europe,5.928999999999999,Generosity,0.028999999999999998
654,Honduras,Latin America and Caribbean,5.919,Generosity,0.24100000000000002
655,Croatia,Central and Eastern Europe,5.882000000000001,Generosity,0.111
656,Philippines,Southeast Asia,5.88,Generosity,0.125
657,South Korea,East Asia,5.845,Generosity,0.134
658,Peru,Latin America and Caribbean,5.84,Generosity,0.087
659,Bosnia and Herzegovina,Central and Eastern Europe,5.813,Generosity,0.261
660,Moldova,Commonwealth of Independent States,5.766,Generosity,0.13699999999999998
661,Ecuador,Latin America and Caribbean,5.763999999999999,Generosity,0.107
662,Kyrgyzstan,Commonwealth of Independent States,5.744,Generosity,0.266
663,Greece,Western Europe,5.723,Generosity,0.0
664,Bolivia,Latin America and Caribbean,5.716,Generosity,0.138
665,Mongolia,East Asia,5.6770000000000005,Generosity,0.263
666,Paraguay,Latin America and Caribbean,5.653,Generosity,0.20600000000000002
667,Montenegro,Central and Eastern Europe,5.581,Generosity,0.166
668,Dominican Republic,Latin America and Caribbean,5.545,Generosity,0.10099999999999999
669,North Cyprus,Western Europe,5.5360000000000005,Generosity,0.196
670,Belarus,Commonwealth of Independent States,5.534,Generosity,0.07
671,Russia,Commonwealth of Independent States,5.477,Generosity,0.115
672,Hong Kong S.A.R. of China,East Asia,5.477,Generosity,0.23199999999999998
673,Tajikistan,Commonwealth of Independent States,5.466,Generosity,0.152
674,Vietnam,Southeast Asia,5.4110000000000005,Generosity,0.124
675,Libya,Middle East and North Africa,5.41,Generosity,0.131
676,Malaysia,Southeast Asia,5.3839999999999995,Generosity,0.27
677,Indonesia,Southeast Asia,5.345,Generosity,0.541
678,Congo (Brazzaville),Sub-Saharan Africa,5.3420000000000005,Generosity,0.14400000000000002
679,China,East Asia,5.3389999999999995,Generosity,0.09300000000000001
680,Ivory Coast,Sub-Saharan Africa,5.306,Generosity,0.177
681,Armenia,Commonwealth of Independent States,5.2829999999999995,Generosity,0.079
682,Nepal,South Asia,5.269,Generosity,0.287
683,Bulgaria,Central and Eastern Europe,5.266,Generosity,0.125
684,Maldives,South Asia,5.1979999999999995,Generosity,0.204
685,Azerbaijan,Commonwealth of Independent States,5.171,Generosity,0.043
686,Cameroon,Sub-Saharan Africa,5.142,Generosity,0.205
687,Senegal,Sub-Saharan Africa,5.132000000000001,Generosity,0.158
688,Albania,Central and Eastern Europe,5.117,Generosity,0.168
689,North Macedonia,Central and Eastern Europe,5.101,Generosity,0.212
690,Ghana,Sub-Saharan Africa,5.088,Generosity,0.268
691,Niger,Sub-Saharan Africa,5.074,Generosity,0.2
692,Turkmenistan,Commonwealth of Independent States,5.066,Generosity,0.366
693,Gambia,Sub-Saharan Africa,5.051,Generosity,0.465
694,Benin,Sub-Saharan Africa,5.045,Generosity,0.166
695,Laos,Southeast Asia,5.03,Generosity,0.268
696,Bangladesh,South Asia,5.025,Generosity,0.161
697,Guinea,Sub-Saharan Africa,4.984,Generosity,0.25
698,South Africa,Sub-Saharan Africa,4.956,Generosity,0.14400000000000002
699,Turkey,Middle East and North Africa,4.948,Generosity,0.09699999999999999
700,Pakistan,South Asia,4.934,Generosity,0.252
701,Morocco,Middle East and North Africa,4.918,Generosity,0.034
702,Venezuela,Latin America and Caribbean,4.8919999999999995,Generosity,0.078
703,Georgia,Commonwealth of Independent States,4.891,Generosity,0.032
704,Algeria,Middle East and North Africa,4.887,Generosity,0.14400000000000002
705,Ukraine,Commonwealth of Independent States,4.875,Generosity,0.18100000000000002
706,Iraq,Middle East and North Africa,4.854,Generosity,0.153
707,Gabon,Sub-Saharan Africa,4.852,Generosity,0.057999999999999996
708,Burkina Faso,Sub-Saharan Africa,4.834,Generosity,0.182
709,Cambodia,Southeast Asia,4.83,Generosity,0.21
710,Mozambique,Sub-Saharan Africa,4.794,Generosity,0.228
711,Nigeria,Sub-Saharan Africa,4.7589999999999995,Generosity,0.212
712,Mali,Sub-Saharan Africa,4.723,Generosity,0.16399999999999998
713,Iran,Middle East and North Africa,4.721,Generosity,0.33
714,Uganda,Sub-Saharan Africa,4.636,Generosity,0.267
715,Liberia,Sub-Saharan Africa,4.625,Generosity,0.221
716,Kenya,Sub-Saharan Africa,4.607,Generosity,0.375
717,Tunisia,Middle East and North Africa,4.596,Generosity,0.057
718,Lebanon,Middle East and North Africa,4.584,Generosity,0.14
719,Namibia,Sub-Saharan Africa,4.574,Generosity,0.091
720,Palestinian Territories,Middle East and North Africa,4.5169999999999995,Generosity,0.08199999999999999
721,Myanmar,Southeast Asia,4.426,Generosity,0.52
722,Jordan,Middle East and North Africa,4.395,Generosity,0.079
723,Chad,Sub-Saharan Africa,4.355,Generosity,0.215
724,Sri Lanka,South Asia,4.325,Generosity,0.239
725,Swaziland,Sub-Saharan Africa,4.308,Generosity,0.067
726,Comoros,Sub-Saharan Africa,4.289,Generosity,0.24100000000000002
727,Egypt,Middle East and North Africa,4.283,Generosity,0.069
728,Ethiopia,Sub-Saharan Africa,4.275,Generosity,0.24100000000000002
729,Mauritania,Sub-Saharan Africa,4.227,Generosity,0.11900000000000001
730,Madagascar,Sub-Saharan Africa,4.208,Generosity,0.185
731,Togo,Sub-Saharan Africa,4.107,Generosity,0.209
732,Zambia,Sub-Saharan Africa,4.073,Generosity,0.22699999999999998
733,Sierra Leone,Sub-Saharan Africa,3.8489999999999998,Generosity,0.243
734,India,South Asia,3.819,Generosity,0.24600000000000002
735,Burundi,Sub-Saharan Africa,3.775,Generosity,0.172
736,Yemen,Middle East and North Africa,3.658,Generosity,0.092
737,Tanzania,Sub-Saharan Africa,3.623,Generosity,0.307
738,Haiti,Latin America and Caribbean,3.615,Generosity,0.46299999999999997
739,Malawi,Sub-Saharan Africa,3.6,Generosity,0.213
740,Lesotho,Sub-Saharan Africa,3.512,Generosity,0.10300000000000001
741,Botswana,Sub-Saharan Africa,3.467,Generosity,0.027000000000000003
742,Rwanda,Sub-Saharan Africa,3.415,Generosity,0.22699999999999998
743,Zimbabwe,Sub-Saharan Africa,3.145,Generosity,0.157
744,Afghanistan,South Asia,2.523,Generosity,0.122
745,Finland,Western Europe,7.8420000000000005,Perceptions of corruption,0.48100000000000004
746,Denmark,Western Europe,7.62,Perceptions of corruption,0.485
747,Switzerland,Western Europe,7.571000000000001,Perceptions of corruption,0.413
748,Iceland,Western Europe,7.553999999999999,Perceptions of corruption,0.17
749,Netherlands,Western Europe,7.4639999999999995,Perceptions of corruption,0.384
750,Norway,Western Europe,7.392,Perceptions of corruption,0.42700000000000005
751,Sweden,Western Europe,7.3629999999999995,Perceptions of corruption,0.44799999999999995
752,Luxembourg,Western Europe,7.324,Perceptions of corruption,0.353
753,New Zealand,North America and ANZ,7.277,Perceptions of corruption,0.445
754,Austria,Western Europe,7.268,Perceptions of corruption,0.292
755,Australia,North America and ANZ,7.183,Perceptions of corruption,0.317
756,Israel,Middle East and North Africa,7.157,Perceptions of corruption,0.11900000000000001
757,Germany,Western Europe,7.155,Perceptions of corruption,0.306
758,Canada,North America and ANZ,7.103,Perceptions of corruption,0.335
759,Ireland,Western Europe,7.085,Perceptions of corruption,0.36700000000000005
760,Costa Rica,Latin America and Caribbean,7.069,Perceptions of corruption,0.083
761,United Kingdom,Western Europe,7.064,Perceptions of corruption,0.306
762,Czech Republic,Central and Eastern Europe,6.965,Perceptions of corruption,0.046
763,United States,North America and ANZ,6.9510000000000005,Perceptions of corruption,0.154
764,Belgium,Western Europe,6.834,Perceptions of corruption,0.187
765,France,Western Europe,6.69,Perceptions of corruption,0.235
766,Bahrain,Middle East and North Africa,6.647,Perceptions of corruption,0.139
767,Malta,Western Europe,6.602,Perceptions of corruption,0.183
768,Taiwan Province of China,East Asia,6.584,Perceptions of corruption,0.139
769,United Arab Emirates,Middle East and North Africa,6.561,Perceptions of corruption,0.223
770,Saudi Arabia,Middle East and North Africa,6.494,Perceptions of corruption,0.163
771,Spain,Western Europe,6.4910000000000005,Perceptions of corruption,0.124
772,Italy,Western Europe,6.483,Perceptions of corruption,0.047
773,Slovenia,Central and Eastern Europe,6.461,Perceptions of corruption,0.085
774,Guatemala,Latin America and Caribbean,6.435,Perceptions of corruption,0.105
775,Uruguay,Latin America and Caribbean,6.431,Perceptions of corruption,0.223
776,Singapore,Southeast Asia,6.377000000000001,Perceptions of corruption,0.547
777,Kosovo,Central and Eastern Europe,6.372000000000001,Perceptions of corruption,0.013999999999999999
778,Slovakia,Central and Eastern Europe,6.331,Perceptions of corruption,0.018000000000000002
779,Brazil,Latin America and Caribbean,6.33,Perceptions of corruption,0.11699999999999999
780,Mexico,Latin America and Caribbean,6.317,Perceptions of corruption,0.08900000000000001
781,Jamaica,Latin America and Caribbean,6.309,Perceptions of corruption,0.035
782,Lithuania,Central and Eastern Europe,6.255,Perceptions of corruption,0.073
783,Cyprus,Western Europe,6.223,Perceptions of corruption,0.061
784,Estonia,Central and Eastern Europe,6.189,Perceptions of corruption,0.263
785,Panama,Latin America and Caribbean,6.18,Perceptions of corruption,0.053
786,Uzbekistan,Commonwealth of Independent States,6.178999999999999,Perceptions of corruption,0.271
787,Chile,Latin America and Caribbean,6.172000000000001,Perceptions of corruption,0.07
788,Poland,Central and Eastern Europe,6.166,Perceptions of corruption,0.13
789,Kazakhstan,Commonwealth of Independent States,6.152,Perceptions of corruption,0.132
790,Romania,Central and Eastern Europe,6.14,Perceptions of corruption,0.001
791,Kuwait,Middle East and North Africa,6.106,Perceptions of corruption,0.13
792,Serbia,Central and Eastern Europe,6.077999999999999,Perceptions of corruption,0.066
793,El Salvador,Latin America and Caribbean,6.061,Perceptions of corruption,0.16
794,Mauritius,Sub-Saharan Africa,6.0489999999999995,Perceptions of corruption,0.096
795,Latvia,Central and Eastern Europe,6.032,Perceptions of corruption,0.08900000000000001
796,Colombia,Latin America and Caribbean,6.0120000000000005,Perceptions of corruption,0.063
797,Hungary,Central and Eastern Europe,5.992000000000001,Perceptions of corruption,0.04
798,Thailand,Southeast Asia,5.985,Perceptions of corruption,0.027999999999999997
799,Nicaragua,Latin America and Caribbean,5.972,Perceptions of corruption,0.17600000000000002
800,Japan,East Asia,5.94,Perceptions of corruption,0.192
801,Argentina,Latin America and Caribbean,5.928999999999999,Perceptions of corruption,0.067
802,Portugal,Western Europe,5.928999999999999,Perceptions of corruption,0.033
803,Honduras,Latin America and Caribbean,5.919,Perceptions of corruption,0.083
804,Croatia,Central and Eastern Europe,5.882000000000001,Perceptions of corruption,0.0
805,Philippines,Southeast Asia,5.88,Perceptions of corruption,0.126
806,South Korea,East Asia,5.845,Perceptions of corruption,0.135
807,Peru,Latin America and Caribbean,5.84,Perceptions of corruption,0.031
808,Bosnia and Herzegovina,Central and Eastern Europe,5.813,Perceptions of corruption,0.005
809,Moldova,Commonwealth of Independent States,5.766,Perceptions of corruption,0.013000000000000001
810,Ecuador,Latin America and Caribbean,5.763999999999999,Perceptions of corruption,0.062
811,Kyrgyzstan,Commonwealth of Independent States,5.744,Perceptions of corruption,0.02
812,Greece,Western Europe,5.723,Perceptions of corruption,0.07400000000000001
813,Bolivia,Latin America and Caribbean,5.716,Perceptions of corruption,0.064
814,Mongolia,East Asia,5.6770000000000005,Perceptions of corruption,0.053
815,Paraguay,Latin America and Caribbean,5.653,Perceptions of corruption,0.037000000000000005
816,Montenegro,Central and Eastern Europe,5.581,Perceptions of corruption,0.081
817,Dominican Republic,Latin America and Caribbean,5.545,Perceptions of corruption,0.14400000000000002
818,North Cyprus,Western Europe,5.5360000000000005,Perceptions of corruption,0.2
819,Belarus,Commonwealth of Independent States,5.534,Perceptions of corruption,0.19899999999999998
820,Russia,Commonwealth of Independent States,5.477,Perceptions of corruption,0.06
821,Hong Kong S.A.R. of China,East Asia,5.477,Perceptions of corruption,0.342
822,Tajikistan,Commonwealth of Independent States,5.466,Perceptions of corruption,0.247
823,Vietnam,Southeast Asia,5.4110000000000005,Perceptions of corruption,0.091
824,Libya,Middle East and North Africa,5.41,Perceptions of corruption,0.174
825,Malaysia,Southeast Asia,5.3839999999999995,Perceptions of corruption,0.064
826,Indonesia,Southeast Asia,5.345,Perceptions of corruption,0.046
827,Congo (Brazzaville),Sub-Saharan Africa,5.3420000000000005,Perceptions of corruption,0.124
828,China,East Asia,5.3389999999999995,Perceptions of corruption,0.11699999999999999
829,Ivory Coast,Sub-Saharan Africa,5.306,Perceptions of corruption,0.092
830,Armenia,Commonwealth of Independent States,5.2829999999999995,Perceptions of corruption,0.198
831,Nepal,South Asia,5.269,Perceptions of corruption,0.135
832,Bulgaria,Central and Eastern Europe,5.266,Perceptions of corruption,0.005
833,Maldives,South Asia,5.1979999999999995,Perceptions of corruption,0.073
834,Azerbaijan,Commonwealth of Independent States,5.171,Perceptions of corruption,0.276
835,Cameroon,Sub-Saharan Africa,5.142,Perceptions of corruption,0.057999999999999996
836,Senegal,Sub-Saharan Africa,5.132000000000001,Perceptions of corruption,0.08800000000000001
837,Albania,Central and Eastern Europe,5.117,Perceptions of corruption,0.024
838,North Macedonia,Central and Eastern Europe,5.101,Perceptions of corruption,0.022000000000000002
839,Ghana,Sub-Saharan Africa,5.088,Perceptions of corruption,0.057999999999999996
840,Niger,Sub-Saharan Africa,5.074,Perceptions of corruption,0.157
841,Turkmenistan,Commonwealth of Independent States,5.066,Perceptions of corruption,0.033
842,Gambia,Sub-Saharan Africa,5.051,Perceptions of corruption,0.12300000000000001
843,Benin,Sub-Saharan Africa,5.045,Perceptions of corruption,0.17800000000000002
844,Laos,Southeast Asia,5.03,Perceptions of corruption,0.179
845,Bangladesh,South Asia,5.025,Perceptions of corruption,0.16399999999999998
846,Guinea,Sub-Saharan Africa,4.984,Perceptions of corruption,0.111
847,South Africa,Sub-Saharan Africa,4.956,Perceptions of corruption,0.051
848,Turkey,Middle East and North Africa,4.948,Perceptions of corruption,0.10400000000000001
849,Pakistan,South Asia,4.934,Perceptions of corruption,0.09699999999999999
850,Morocco,Middle East and North Africa,4.918,Perceptions of corruption,0.08800000000000001
851,Venezuela,Latin America and Caribbean,4.8919999999999995,Perceptions of corruption,0.07200000000000001
852,Georgia,Commonwealth of Independent States,4.891,Perceptions of corruption,0.18100000000000002
853,Algeria,Middle East and North Africa,4.887,Perceptions of corruption,0.12
854,Ukraine,Commonwealth of Independent States,4.875,Perceptions of corruption,0.01
855,Iraq,Middle East and North Africa,4.854,Perceptions of corruption,0.040999999999999995
856,Gabon,Sub-Saharan Africa,4.852,Perceptions of corruption,0.064
857,Burkina Faso,Sub-Saharan Africa,4.834,Perceptions of corruption,0.122
858,Cambodia,Southeast Asia,4.83,Perceptions of corruption,0.061
859,Mozambique,Sub-Saharan Africa,4.794,Perceptions of corruption,0.163
860,Nigeria,Sub-Saharan Africa,4.7589999999999995,Perceptions of corruption,0.039
861,Mali,Sub-Saharan Africa,4.723,Perceptions of corruption,0.07200000000000001
862,Iran,Middle East and North Africa,4.721,Perceptions of corruption,0.14400000000000002
863,Uganda,Sub-Saharan Africa,4.636,Perceptions of corruption,0.054000000000000006
864,Liberia,Sub-Saharan Africa,4.625,Perceptions of corruption,0.057
865,Kenya,Sub-Saharan Africa,4.607,Perceptions of corruption,0.073
866,Tunisia,Middle East and North Africa,4.596,Perceptions of corruption,0.044000000000000004
867,Lebanon,Middle East and North Africa,4.584,Perceptions of corruption,0.026000000000000002
868,Namibia,Sub-Saharan Africa,4.574,Perceptions of corruption,0.059000000000000004
869,Palestinian Territories,Middle East and North Africa,4.5169999999999995,Perceptions of corruption,0.075
870,Myanmar,Southeast Asia,4.426,Perceptions of corruption,0.17800000000000002
871,Jordan,Middle East and North Africa,4.395,Perceptions of corruption,0.15
872,Chad,Sub-Saharan Africa,4.355,Perceptions of corruption,0.084
873,Sri Lanka,South Asia,4.325,Perceptions of corruption,0.049
874,Swaziland,Sub-Saharan Africa,4.308,Perceptions of corruption,0.147
875,Comoros,Sub-Saharan Africa,4.289,Perceptions of corruption,0.10099999999999999
876,Egypt,Middle East and North Africa,4.283,Perceptions of corruption,0.092
877,Ethiopia,Sub-Saharan Africa,4.275,Perceptions of corruption,0.114
878,Mauritania,Sub-Saharan Africa,4.227,Perceptions of corruption,0.133
879,Madagascar,Sub-Saharan Africa,4.208,Perceptions of corruption,0.087
880,Togo,Sub-Saharan Africa,4.107,Perceptions of corruption,0.107
881,Zambia,Sub-Saharan Africa,4.073,Perceptions of corruption,0.07400000000000001
882,Sierra Leone,Sub-Saharan Africa,3.8489999999999998,Perceptions of corruption,0.047
883,India,South Asia,3.819,Perceptions of corruption,0.106
884,Burundi,Sub-Saharan Africa,3.775,Perceptions of corruption,0.212
885,Yemen,Middle East and North Africa,3.658,Perceptions of corruption,0.08900000000000001
886,Tanzania,Sub-Saharan Africa,3.623,Perceptions of corruption,0.231
887,Haiti,Latin America and Caribbean,3.615,Perceptions of corruption,0.139
888,Malawi,Sub-Saharan Africa,3.6,Perceptions of corruption,0.134
889,Lesotho,Sub-Saharan Africa,3.512,Perceptions of corruption,0.015
890,Botswana,Sub-Saharan Africa,3.467,Perceptions of corruption,0.08800000000000001
891,Rwanda,Sub-Saharan Africa,3.415,Perceptions of corruption,0.493
892,Zimbabwe,Sub-Saharan Africa,3.145,Perceptions of corruption,0.075
893,Afghanistan,South Asia,2.523,Perceptions of corruption,0.01
894,Finland,Western Europe,7.8420000000000005,Dystopia + residual,3.253
895,Denmark,Western Europe,7.62,Dystopia + residual,2.8680000000000003
896,Switzerland,Western Europe,7.571000000000001,Dystopia + residual,2.839
897,Iceland,Western Europe,7.553999999999999,Dystopia + residual,2.967
898,Netherlands,Western Europe,7.4639999999999995,Dystopia + residual,2.798
899,Norway,Western Europe,7.392,Dystopia + residual,2.58
900,Sweden,Western Europe,7.3629999999999995,Dystopia + residual,2.6830000000000003
901,Luxembourg,Western Europe,7.324,Dystopia + residual,2.653
902,New Zealand,North America and ANZ,7.277,Dystopia + residual,2.612
903,Austria,Western Europe,7.268,Dystopia + residual,2.784
904,Australia,North America and ANZ,7.183,Dystopia + residual,2.5980000000000003
905,Israel,Middle East and North Africa,7.157,Dystopia + residual,3.083
906,Germany,Western Europe,7.155,Dystopia + residual,2.824
907,Canada,North America and ANZ,7.103,Dystopia + residual,2.585
908,Ireland,Western Europe,7.085,Dystopia + residual,2.384
909,Costa Rica,Latin America and Caribbean,7.069,Dystopia + residual,3.387
910,United Kingdom,Western Europe,7.064,Dystopia + residual,2.596
911,Czech Republic,Central and Eastern Europe,6.965,Dystopia + residual,3.1239999999999997
912,United States,North America and ANZ,6.9510000000000005,Dystopia + residual,2.807
913,Belgium,Western Europe,6.834,Dystopia + residual,2.862
914,France,Western Europe,6.69,Dystopia + residual,2.521
915,Bahrain,Middle East and North Africa,6.647,Dystopia + residual,2.6310000000000002
916,Malta,Western Europe,6.602,Dystopia + residual,2.2680000000000002
917,Taiwan Province of China,East Asia,6.584,Dystopia + residual,2.687
918,United Arab Emirates,Middle East and North Africa,6.561,Dystopia + residual,2.4219999999999997
919,Saudi Arabia,Middle East and North Africa,6.494,Dystopia + residual,2.668
920,Spain,Western Europe,6.4910000000000005,Dystopia + residual,2.513
921,Italy,Western Europe,6.483,Dystopia + residual,2.7939999999999996
922,Slovenia,Central and Eastern Europe,6.461,Dystopia + residual,2.388
923,Guatemala,Latin America and Caribbean,6.435,Dystopia + residual,3.375
924,Uruguay,Latin America and Caribbean,6.431,Dystopia + residual,2.6
925,Singapore,Southeast Asia,6.377000000000001,Dystopia + residual,1.379
926,Kosovo,Central and Eastern Europe,6.372000000000001,Dystopia + residual,3.182
927,Slovakia,Central and Eastern Europe,6.331,Dystopia + residual,2.714
928,Brazil,Latin America and Caribbean,6.33,Dystopia + residual,3.015
929,Mexico,Latin America and Caribbean,6.317,Dystopia + residual,2.9610000000000003
930,Jamaica,Latin America and Caribbean,6.309,Dystopia + residual,3.135
931,Lithuania,Central and Eastern Europe,6.255,Dystopia + residual,2.6239999999999997
932,Cyprus,Western Europe,6.223,Dystopia + residual,2.5780000000000003
933,Estonia,Central and Eastern Europe,6.189,Dystopia + residual,2.103
934,Panama,Latin America and Caribbean,6.18,Dystopia + residual,2.509
935,Uzbekistan,Commonwealth of Independent States,6.178999999999999,Dystopia + residual,2.477
936,Chile,Latin America and Caribbean,6.172000000000001,Dystopia + residual,2.682
937,Poland,Central and Eastern Europe,6.166,Dystopia + residual,2.438
938,Kazakhstan,Commonwealth of Independent States,6.152,Dystopia + residual,2.4459999999999997
939,Romania,Central and Eastern Europe,6.14,Dystopia + residual,2.83
940,Kuwait,Middle East and North Africa,6.106,Dystopia + residual,2.3680000000000003
941,Serbia,Central and Eastern Europe,6.077999999999999,Dystopia + residual,2.682
942,El Salvador,Latin America and Caribbean,6.061,Dystopia + residual,3.085
943,Mauritius,Sub-Saharan Africa,6.0489999999999995,Dystopia + residual,2.4619999999999997
944,Latvia,Central and Eastern Europe,6.032,Dystopia + residual,2.536
945,Colombia,Latin America and Caribbean,6.0120000000000005,Dystopia + residual,2.7939999999999996
946,Hungary,Central and Eastern Europe,5.992000000000001,Dystopia + residual,2.432
947,Thailand,Southeast Asia,5.985,Dystopia + residual,2.309
948,Nicaragua,Latin America and Caribbean,5.972,Dystopia + residual,2.841
949,Japan,East Asia,5.94,Dystopia + residual,2.048
950,Argentina,Latin America and Caribbean,5.928999999999999,Dystopia + residual,2.461
951,Portugal,Western Europe,5.928999999999999,Dystopia + residual,2.225
952,Honduras,Latin America and Caribbean,5.919,Dystopia + residual,2.9339999999999997
953,Croatia,Central and Eastern Europe,5.882000000000001,Dystopia + residual,2.325
954,Philippines,Southeast Asia,5.88,Dystopia + residual,2.872
955,South Korea,East Asia,5.845,Dystopia + residual,2.262
956,Peru,Latin America and Caribbean,5.84,Dystopia + residual,2.7439999999999998
957,Bosnia and Herzegovina,Central and Eastern Europe,5.813,Dystopia + residual,2.583
958,Moldova,Commonwealth of Independent States,5.766,Dystopia + residual,2.665
959,Ecuador,Latin America and Caribbean,5.763999999999999,Dystopia + residual,2.653
960,Kyrgyzstan,Commonwealth of Independent States,5.744,Dystopia + residual,2.648
961,Greece,Western Europe,5.723,Dystopia + residual,2.5610000000000004
962,Bolivia,Latin America and Caribbean,5.716,Dystopia + residual,2.805
963,Mongolia,East Asia,5.6770000000000005,Dystopia + residual,2.492
964,Paraguay,Latin America and Caribbean,5.653,Dystopia + residual,2.306
965,Montenegro,Central and Eastern Europe,5.581,Dystopia + residual,2.254
966,Dominican Republic,Latin America and Caribbean,5.545,Dystopia + residual,2.178
967,North Cyprus,Western Europe,5.5360000000000005,Dystopia + residual,1.653
968,Belarus,Commonwealth of Independent States,5.534,Dystopia + residual,2.247
969,Russia,Commonwealth of Independent States,5.477,Dystopia + residual,2.148
970,Hong Kong S.A.R. of China,East Asia,5.477,Dystopia + residual,1.236
971,Tajikistan,Commonwealth of Independent States,5.466,Dystopia + residual,2.6189999999999998
972,Vietnam,Southeast Asia,5.4110000000000005,Dystopia + residual,2.211
973,Libya,Middle East and North Africa,5.41,Dystopia + residual,2.331
974,Malaysia,Southeast Asia,5.3839999999999995,Dystopia + residual,1.784
975,Indonesia,Southeast Asia,5.345,Dystopia + residual,1.9869999999999999
976,Congo (Brazzaville),Sub-Saharan Africa,5.3420000000000005,Dystopia + residual,3.4760000000000004
977,China,East Asia,5.3389999999999995,Dystopia + residual,1.982
978,Ivory Coast,Sub-Saharan Africa,5.306,Dystopia + residual,3.469
979,Armenia,Commonwealth of Independent States,5.2829999999999995,Dystopia + residual,2.127
980,Nepal,South Asia,5.269,Dystopia + residual,2.642
981,Bulgaria,Central and Eastern Europe,5.266,Dystopia + residual,1.8230000000000002
982,Maldives,South Asia,5.1979999999999995,Dystopia + residual,1.52
983,Azerbaijan,Commonwealth of Independent States,5.171,Dystopia + residual,1.919
984,Cameroon,Sub-Saharan Africa,5.142,Dystopia + residual,3.195
985,Senegal,Sub-Saharan Africa,5.132000000000001,Dystopia + residual,3.071
986,Albania,Central and Eastern Europe,5.117,Dystopia + residual,2.25
987,North Macedonia,Central and Eastern Europe,5.101,Dystopia + residual,2.042
988,Ghana,Sub-Saharan Africa,5.088,Dystopia + residual,2.6839999999999997
989,Niger,Sub-Saharan Africa,5.074,Dystopia + residual,3.47
990,Turkmenistan,Commonwealth of Independent States,5.066,Dystopia + residual,1.409
991,Gambia,Sub-Saharan Africa,5.051,Dystopia + residual,2.99
992,Benin,Sub-Saharan Africa,5.045,Dystopia + residual,3.4819999999999998
993,Laos,Southeast Asia,5.03,Dystopia + residual,2.204
994,Bangladesh,South Asia,5.025,Dystopia + residual,2.427
995,Guinea,Sub-Saharan Africa,4.984,Dystopia + residual,3.216
996,South Africa,Sub-Saharan Africa,4.956,Dystopia + residual,2.187
997,Turkey,Middle East and North Africa,4.948,Dystopia + residual,1.8519999999999999
998,Pakistan,South Asia,4.934,Dystopia + residual,2.784
999,Morocco,Middle East and North Africa,4.918,Dystopia + residual,2.7489999999999997
1000,Venezuela,Latin America and Caribbean,4.8919999999999995,Dystopia + residual,2.135
1001,Georgia,Commonwealth of Independent States,4.891,Dystopia + residual,2.191
1002,Algeria,Middle East and North Africa,4.887,Dystopia + residual,2.242
1003,Ukraine,Commonwealth of Independent States,4.875,Dystopia + residual,1.8130000000000002
1004,Iraq,Middle East and North Africa,4.854,Dystopia + residual,2.4290000000000003
1005,Gabon,Sub-Saharan Africa,4.852,Dystopia + residual,2.201
1006,Burkina Faso,Sub-Saharan Africa,4.834,Dystopia + residual,3.133
1007,Cambodia,Southeast Asia,4.83,Dystopia + residual,2.148
1008,Mozambique,Sub-Saharan Africa,4.794,Dystopia + residual,2.783
1009,Nigeria,Sub-Saharan Africa,4.7589999999999995,Dystopia + residual,2.736
1010,Mali,Sub-Saharan Africa,4.723,Dystopia + residual,3.016
1011,Iran,Middle East and North Africa,4.721,Dystopia + residual,1.8230000000000002
1012,Uganda,Sub-Saharan Africa,4.636,Dystopia + residual,2.596
1013,Liberia,Sub-Saharan Africa,4.625,Dystopia + residual,2.8569999999999998
1014,Kenya,Sub-Saharan Africa,4.607,Dystopia + residual,2.18
1015,Tunisia,Middle East and North Africa,4.596,Dystopia + residual,2.138
1016,Lebanon,Middle East and North Africa,4.584,Dystopia + residual,1.736
1017,Namibia,Sub-Saharan Africa,4.574,Dystopia + residual,2.068
1018,Palestinian Territories,Middle East and North Africa,4.5169999999999995,Dystopia + residual,2.131
1019,Myanmar,Southeast Asia,4.426,Dystopia + residual,1.4069999999999998
1020,Jordan,Middle East and North Africa,4.395,Dystopia + residual,1.5530000000000002
1021,Chad,Sub-Saharan Africa,4.355,Dystopia + residual,3.2089999999999996
1022,Sri Lanka,South Asia,4.325,Dystopia + residual,1.075
1023,Swaziland,Sub-Saharan Africa,4.308,Dystopia + residual,2.155
1024,Comoros,Sub-Saharan Africa,4.289,Dystopia + residual,2.61
1025,Egypt,Middle East and North Africa,4.283,Dystopia + residual,1.6480000000000001
1026,Ethiopia,Sub-Saharan Africa,4.275,Dystopia + residual,2.089
1027,Mauritania,Sub-Saharan Africa,4.227,Dystopia + residual,2.069
1028,Madagascar,Sub-Saharan Africa,4.208,Dystopia + residual,2.62
1029,Togo,Sub-Saharan Africa,4.107,Dystopia + residual,2.806
1030,Zambia,Sub-Saharan Africa,4.073,Dystopia + residual,1.975
1031,Sierra Leone,Sub-Saharan Africa,3.8489999999999998,Dystopia + residual,2.396
1032,India,South Asia,3.819,Dystopia + residual,1.405
1033,Burundi,Sub-Saharan Africa,3.775,Dystopia + residual,2.8760000000000003
1034,Yemen,Middle East and North Africa,3.658,Dystopia + residual,1.776
1035,Tanzania,Sub-Saharan Africa,3.623,Dystopia + residual,1.263
1036,Haiti,Latin America and Caribbean,3.615,Dystopia + residual,2.06
1037,Malawi,Sub-Saharan Africa,3.6,Dystopia + residual,2.19
1038,Lesotho,Sub-Saharan Africa,3.512,Dystopia + residual,1.8
1039,Botswana,Sub-Saharan Africa,3.467,Dystopia + residual,0.648
1040,Rwanda,Sub-Saharan Africa,3.415,Dystopia + residual,1.095
1041,Zimbabwe,Sub-Saharan Africa,3.145,Dystopia + residual,1.205
1042,Afghanistan,South Asia,2.523,Dystopia + residual,1.895
